{
  "_shipPositionDatas": [
    {
      "_shipKey": 0,
      "_posX": 38.2409439,
      "_posZ": -352.381866
    },
    {
      "_shipKey": 0,
      "_posX": -85.93933,
      "_posZ": -347.5973
    },
    {
      "_shipKey": 0,
      "_posX": -31.6989861,
      "_posZ": -355.5091
    },
    {
      "_shipKey": 0,
      "_posX": -113.143036,
      "_posZ": -344.6353
    }
  ],
  "Credit": 506982,
  "SuperCredit": 0,
  "Fuel": 240,
  "ReFuelRemaning": 0,
  "CurPrmStage": 26,
  "CurSecStage": 2,
  "FleetCost": 8,
  "LastTime": "2024-07-04T11:46:46.6739018+09:00"
}